Fold,Accuracy,ROC_AUC
1,0.7834394904458599,
2,0.8076923076923077,
3,0.7371794871794872,
4,0.7115384615384616,
5,0.7948717948717948,
